id,name,platform,publishers,publicationDate,globallySoldUnits,genres,criticScore,userScore,developers,summary,rating,series,id,name,platform,publishers,publicationDate,globallySoldUnits,genres,criticScore,userScore,developers,summary,rating,series
all_games5991,Plants vs. Zombies: Battle for Neighborville, PlayStation 4,,"October 18, 2019",,,77.0,5.4,,"Welcome to Neighborville, where all is well. Except that a crazy new coniferous conflict between brain-less and botanicals is brewing! What are you gonna do – call the crops? Soil your plants? It’s time to kick some grass in the wackiest shooter experience between plants and zombies yet: Plants vs. Zombies: Battle for Neighborville™.",,,,,,,,,,,,,,,
all_games5106,Eldest Souls, PlayStation 5,,"July 29, 2021",,,79.0,6.0,,"Eldest Souls is a challenging, pixel-art boss-rush game. The Old Gods have long been imprisoned. Humanity has prospered. Great Kingdoms have arisen from the now forsaken temples of worship. But no longer… In their final act of vengeance, the Old Gods have unleashed a great Desolation upon the world. Farmlands have turned to deserts, rivers to dust. The Great Crusade sent to slay the imprisoned Gods once and for all, has all but perished, and the human Kingdoms are in disarray. A lone Crusader approaches the Citadel, ancient prison of the Gods. His objective is simple: slay them all.",,,,,,,,,,,,,,,
all_games4111,Hot Shots Golf Fore!, PlayStation 2,,"August 17, 2004",,,80.0,8.4,,"(Also known as ""Minna No Golf 4,"" or ""Everybody's Golf 4"") Join in on the off-the-wall fun, true-to-life physics and new Online gameplay. With more courses and more characters than ever before Hot Shots Golf FORE! delivers more of what HSG fanatics have grown to love. Join a full cast of off-the-wall characters from the Clubhouse. 34 in all. Enjoy a variety of 15 different courses, from challenging 18-hole layouts, par 3 executive courses, and back by popular demand, Miniature Golf. Breathtaking graphics feature fully detailed course layouts with tree-lined fairways, manicured greens and treacherous hazards. Brilliant lighting effects and dramatic camera angles add energy and drama to spectacular shots and untimely 'shanks'. True-to-life golf physics and touch sensitive controls demand your careful consideration to golf?s many variables, such as wind, ball lie and course elevation. Intuitive controls and adjustable difficulty settings provide easy access for hackers and challenging gameplay for seasoned veterans. Fast paced arcade style gameplay eliminates waiting for load times...or slow foursomes. Test your golf skills in several different modes including, Tour, VS, and Training modes. Online play...Share the course with thousands of Hot Shots Golf fanatics from across the nation. [Sony]",,,,,,,,,,,,,,,
all_games6317,Outlast: Bundle of Terror, Switch,,"February 27, 2018",,,77.0,8.1,,"Investigate the inside of Mount Massive Asylum and live to uncover the mystery. Survival horror at its most terrifying In the remote mountains of Colorado, horrors await inside Mount Massive Asylum. A long-abandoned home for the mentally ill, it has been recently re-opened by the research and charity branch of the transnational Murkoff Corporation and operates in strict secrecy... until now. Acting on a tip from an anonymous source, independent journalist Miles Upshur breaks into the facility and what he discovers treads a terrifying line between science, religion, nature and something else entirely. Once inside, his only hope of escape lies with the terrible truth at the heart of Mount Massive. Outlast is a true survival horror experience which shows that the most terrifying monsters of all come from the human mind itself. Are you prepared?",,,,,,,,,,,,,,,
all_games4325,Tales from the Borderlands: A Telltale Game Series, Switch,,"March 23, 2021",,,80.0,8.3,,"On the unforgiving world of Pandora a Hyperion 'suit' and a con artist embark on an adventure to recover cash they both think is theirs. In this award-winning universe created by Gearbox Software, experience the story of Rhys and Fiona, unwilling partners on a quest for greatness.",,,,,,,,,,,,,,,
all_games5018,Jumpgate: The Reconstruction Initiative, PC,,"September 23, 2001",,,79.0,0.0,,"Real Time Spaceflight and Combat are but two elements in this Massively Multiplayer Online Spaceflight Simulation. Team up with others to actually ""re-create"" a universe with all that such an enterprise entails. Interact with squadron members and wayward travelers, struggle to stay on course in the face of solar storms, and battle mysterious adversaries (both human and alien). [3DO]",,,,,,,,,,,,,,,
all_games4442,Tooth and Tail, PC,,"September 12, 2017",,,80.0,7.8,,"Lead the revolution with an army of flamethrowing Boars, mustard gas-lobbing Skunks, and paratrooper-puking Owls. Tooth and Tail is a Real-Time-Strategy game featuring Single Player, Online Competitive Play, Split Screen, Replays, and more. Build a base, lead your army, eat your enemies!",,,,,,,,,,,,,,,
all_games6931,Burnout Dominator, PlayStation 2,,"March 6, 2007",,,76.0,7.8,,"Burnout Dominator is the next installment in the legendary Burnout series, loaded with intense racing action and dozens of retina-searing World Tour events. Burnout Dominator challenges gamers to face off against a series of hot-blooded rivals in brutal tests of aggressive driving techniques where performing burnouts gives you the advantage and multiplies your score potential. For the ultimate nerve-wracking experience, Burnout Dominator takes you to the very edge of control, punishing the smallest mistakes and rewarding drivers for taking outrageous risks. [Electronic Arts]",,,,,,,,,,,,,,,
all_games7060,Heaven's Vault, PC,,"April 16, 2019",,,76.0,6.0,,"An archaeological narrative adventure with an entire hieroglyphic language to decipher. Sail the rivers of space, explore lost moons, uncover ancient artefacts, and piece together a 5,000-year-old secret. Every answer feeds into a story that adapts around your actions. Will you uncover the path to Heaven’s Vault?",,,,,,,,,,,,,,,
all_games6730,Persona 4: Dancing All Night, PlayStation Vita,,"September 29, 2015",,,76.0,5.4,,"Persona 4: Dancing All Night is a story-driven music game of Persona 4, developed by ATLUS. Replacing the RPG elements are dance battles that challenge players' dexterity and accuracy as they tap out re-mixes of fan-favorite themes and brand new music tracks.",,,,,,,,,,,,,,,
all_games5822,Disney's Extreme Skate Adventure, PlayStation 2,,"September 3, 2003",,,78.0,8.4,,"Disney's Extreme Skate Adventure marks the first time Buzz Lightyear and Woody from Walt Disney Pictures' presentation of Pixar Animation Studios' ""Toy Story 2,"" Young Tarzan and Terk from Disney's ""Tarzan"" and Simba and Rafiki from ""The Lion King"" have been showcased in the same video game. Players skate as their favorite characters, performing moves such as ollies, rail grinds, spins and other expert balance moves. The characters from the films can skate through each of their respective worlds, such as Simba and Rafiki in Pride Rock, Young Tarzan and Terk in the ""Jungle Treehouse"" and Disney/Pixar's Buzz Lightyear and Woody in Pizza Planet, and interact with the other characters that live in those worlds. The game also provides an abundance of fun and offers players unique skateboards that resemble items found in their respective worlds including bamboo rafts, frying pans and other themed items. Beyond the skateboard challenge there are puzzles to solve, secret areas to explore and collectibles to find on each level of the game. [Activision]",,,,,,,,,,,,,,,
all_games4915,Tom Clancy's Ghost Recon: Future Soldier, Xbox 360,,"May 22, 2012",,,79.0,7.3,,"The Ghosts are an untraceable unit of soldiers who hunt down high value targets in the highest-risk conflict zones around the world. In the near future, four of these elite soldiers form the tip of the spear in a hidden war simmering world-wide. As the Ghosts accomplish their objectives, they discover a far greater threat - one that could permanently alter the international balance of power. Join the Ghosts – Control Sergeant Kozak and his unit through fourteen missions in eight exotic locales, from Africa to the Arctic Circle. Fight using the tech of tomorrow including optical camouflage, augmented reality and drones. Comandeer over 50 Weapons and customize them with Gunsmith Mode- Harness the formidable firepower of an army and optimize every aspect of your arsenal in the Gunsmith mode. Intense Multiplayer- four game modes, ten maps and multiple classes along with Ghost Recon's classic siege mode.",,,,,,,,,,,,,,,
,,,,,,,,,,,,,Windowgames_884,Delta Force: Black Hawk Down,PC,NovaLogic,2003-01-01,,"Shooter,Tactical",,,NovaLogic,,,
,,,,,,,,,,,,,Windowgames_923,Devil May Cry 4,PC,Capcom,2008-01-01,,"Strategy,Adventure",,,Capcom,,,
,,,,,,,,,,,,,Windowgames_990,Downtown Run,PC,Ubisoft,2003-01-01,,Racing,,,Ubisoft,,,
,,,,,,,,,,,,,Windowgames_1159,EverQuest II: The Shadow Odyssey,PC,Sony Online Entertainment,2008-01-01,,Role-playing (RPG),,,Sony Online Entertainment,,,
,,,,,,,,,,,,,Windowgames_1375,Fuel,PC,DreamCatcher,2006-01-01,,Racing,,,Firetoad Software,,,
,,,,,,,,,,,,,Windowgames_1450,Gladiator: Sword of Vengeance,PC,Acclaim Entertainment,2003-01-01,,"Fighting,Platform,""Hack and slash/Beat em up"",Adventure",,,Acclaim Studios Manchester,,,
,,,,,,,,,,,,,Windowgames_1260,FIFA 17,PC,EA Sports,2016-01-01,,Sport,,,"EA Vancouver,EA Bucharest",,,
,,,,,,,,,,,,,Windowgames_800,Darkened Skye,PC,"Simon & Schuster,TDK Mediactive,Oxygen Games",2002-01-01,,"Shooter,Role-playing (RPG),Adventure",,,Boston Animation,,,
,,,,,,,,,,,,,Windowgames_1396,Gabriel Knight: Sins of the Fathers,PC,Sierra On-Line,1993-01-01,,"Point-and-click,Adventure",,,Sierra On-Line,,,
,,,,,,,,,,,,,Windowgames_839,Deadly Dozen,PC,Infogrames,2001-01-01,,"Simulator,Strategy",,,nFusion,,,
,,,,,,,,,,,,,Windowgames_1397,Gadget Trial,PC,KOGADO Studio,2006-01-01,,"Turn-based strategy (TBS),Visual Novel",,,KOGADO Studio,,,
,,,,,,,,,,,,,Windowgames_879,Delicious - Emilys Message in a Bottle,PC,GameHouse,2016-01-01,,"Adventure,Indie",,,GameHouse,,,
