Dataset_C;Dataset_D;Match;Type
Video_games_sales127;PS4_id_727;0;1
Video_games_sales38;PS4_id_6348;1;0
Video_games_sales157;PS4_id_6348;0;1
Rockstar Games Double Pack: Grand Theft Auto III & Grand Theft Auto Vice City;PS4_id_6348;0;1
Video_games_sales5043;PS4_id_2801;0;1
Video_games_sales5043;PS4_id_2802;0;1
Video_games_sales5043;PS4_id_2803;0;1
Video_games_sales5043;PS4_id_2804;0;1
Video_games_sales5043;PS4_id_2798;1;0
Video_games_sales9866;PS4_id_2801;0;1
Video_games_sales9866;PS4_id_2802;0;1
Video_games_sales9866;PS4_id_2803;0;1
Video_games_sales9866;PS4_id_2804;0;1
Video_games_sales9866;PS4_id_2798;0;1
Video_games_sales2326;PS4_id_1440;0;2
Video_games_sales2929;PS4_id_13;0;2
Video_games_sales1839;PS4_id_1608;0;2
Video_games_sales2585;PS4_id_1062;0;2
Video_games_sales3065;PS4_id_1220;0;2
Video_games_sales2582;PS4_id_1463;0;2
Video_games_sales3084;PS4_id_657;0;2
Video_games_sales37;PS4_id_1792;0;2
Video_games_sales176;PS4_id_1239;0;2
Video_games_sales2398;PS4_id_875;0;2
Video_games_sales3226;PS4_id_524;0;2
Video_games_sales2472;PS4_id_1398;0;2
